{"loss":{"0":0.0193480421,"1":0.0393710099,"2":0.0213621128,"3":0.0209551733,"4":0.0339260176,"5":0.0178324506,"6":0.0248906855,"7":0.0406878851,"8":0.0263587125,"9":0.0127664795,"10":0.0123093417,"11":0.0181907341,"12":0.0151862567,"13":0.0302762073,"14":0.018302355,"15":0.0229805671,"16":0.0170194507,"17":0.0290978402,"18":0.0449947156,"19":0.0448541567,"20":0.0309396815,"21":0.0349745639,"22":0.0375424847,"23":0.0281360056,"24":0.0336128622,"25":0.0228633322,"26":0.0185837336,"27":0.0234271362,"28":0.01207959,"29":0.0152756032,"30":0.0330096632,"31":0.0193560254,"32":0.0241881646,"33":0.0109117264,"34":0.0098355617,"35":0.0109996526,"36":0.0150461709,"37":0.0198568646,"38":0.0108403387,"39":0.0125022363,"40":0.0082444707,"41":0.0080113113,"42":0.0084461793,"43":0.0088354321,"44":0.0161460303,"45":0.0255056992,"46":0.0244508088,"47":0.0165123567,"48":0.0175885782,"49":0.0215713307},"class_output_loss":{"0":0.0124170752,"1":0.0327962339,"2":0.0146136582,"3":0.0141769024,"4":0.0274956115,"5":0.0114260474,"6":0.0186346099,"7":0.0340330116,"8":0.0199841224,"9":0.0063329185,"10":0.0058999718,"11":0.0121566122,"12":0.009383426,"13":0.0241047125,"14":0.0122601325,"15":0.017079426,"16":0.0113738058,"17":0.0236637779,"18":0.0392653681,"19":0.0391142033,"20":0.0251329243,"21":0.029239919,"22":0.0316009261,"23":0.022399636,"24":0.0279488266,"25":0.0169453342,"26":0.0125699695,"27":0.0178507306,"28":0.0061723897,"29":0.0098263696,"30":0.0272434112,"31":0.0137436353,"32":0.018857358,"33":0.005510048,"34":0.0046361885,"35":0.0057912432,"36":0.0100393184,"37":0.0147085339,"38":0.0054535503,"39":0.007249984,"40":0.0034935945,"41":0.0032589347,"42":0.0036483281,"43":0.0038613079,"44":0.0110721281,"45":0.020576138,"46":0.0192223862,"47":0.0115567679,"48":0.0126318187,"49":0.0168671347},"color_output_loss":{"0":0.0693096593,"1":0.0657477751,"2":0.0674845353,"3":0.0677827299,"4":0.0643040463,"5":0.064064078,"6":0.0625607669,"7":0.0665486827,"8":0.0637459308,"9":0.0643355921,"10":0.0640936866,"11":0.0603412278,"12":0.0580283068,"13":0.061714936,"14":0.060422197,"15":0.0590114444,"16":0.0564564578,"17":0.0543406345,"18":0.0572934859,"19":0.0573995002,"20":0.0580675192,"21":0.057346426,"22":0.0594155453,"23":0.0573637374,"24":0.0566403344,"25":0.0591800176,"26":0.060137637,"27":0.0557640344,"28":0.0590720028,"29":0.0544923395,"30":0.0576625392,"31":0.0561239049,"32":0.0533080623,"33":0.0540167838,"34":0.0519937314,"35":0.0520841107,"36":0.0500685126,"37":0.0514832996,"38":0.053867884,"39":0.0525225289,"40":0.0475087427,"41":0.0475237705,"42":0.0479785241,"43":0.0497412421,"44":0.0507390127,"45":0.0492956042,"46":0.0522842444,"47":0.0495558903,"48":0.049567569,"49":0.047041975},"class_output_accuracy":{"0":0.996999979,"1":0.9959999919,"2":0.996999979,"3":0.9940000176,"4":0.9919999838,"5":0.9990000129,"6":0.996999979,"7":0.9950000048,"8":0.9929999709,"9":0.9990000129,"10":0.9990000129,"11":0.996999979,"12":0.9980000257,"13":0.9940000176,"14":0.9980000257,"15":0.9940000176,"16":0.9959999919,"17":0.9950000048,"18":0.9909999967,"19":0.9900000095,"20":0.9929999709,"21":0.9929999709,"22":0.9940000176,"23":0.9980000257,"24":0.9929999709,"25":0.9959999919,"26":0.9980000257,"27":0.9980000257,"28":0.9990000129,"29":0.996999979,"30":0.9929999709,"31":0.996999979,"32":0.9980000257,"33":1.0,"34":1.0,"35":1.0,"36":0.9980000257,"37":0.9959999919,"38":1.0,"39":0.9980000257,"40":1.0,"41":1.0,"42":1.0,"43":1.0,"44":0.996999979,"45":0.9959999919,"46":0.9990000129,"47":0.9959999919,"48":0.9990000129,"49":0.996999979},"color_output_mae":{"0":0.2055759579,"1":0.1997670829,"2":0.2018351406,"3":0.2048322409,"4":0.1969376504,"5":0.1990072131,"6":0.1950369179,"7":0.1991777569,"8":0.1968449503,"9":0.1990120411,"10":0.1950604767,"11":0.1908914745,"12":0.1868335754,"13":0.1940594614,"14":0.1908326596,"15":0.1896669269,"16":0.1847035289,"17":0.1829350591,"18":0.1873821914,"19":0.1876609772,"20":0.1857217848,"21":0.1870823354,"22":0.1901000142,"23":0.1869665682,"24":0.186968416,"25":0.1900080144,"26":0.1896513104,"27":0.1843971163,"28":0.1862886548,"29":0.1816872656,"30":0.1841214299,"31":0.1844538599,"32":0.1815853864,"33":0.1811774671,"34":0.1758819371,"35":0.177237764,"36":0.1741809398,"37":0.1766937822,"38":0.177813977,"39":0.1756774485,"40":0.1695558876,"41":0.1691053808,"42":0.1716337651,"43":0.1711547822,"44":0.1731453091,"45":0.1702283174,"46":0.1738933772,"47":0.1701118499,"48":0.1709403843,"49":0.1680884063},"val_loss":{"0":0.7708966732,"1":0.7637811899,"2":0.7719112039,"3":0.7319463491,"4":0.7660985589,"5":0.8053591251,"6":0.7526713014,"7":0.7746006846,"8":0.7410103679,"9":0.7872978449,"10":0.776258409,"11":0.7361561656,"12":0.7157709599,"13":0.7329105139,"14":0.6886065602,"15":0.6648588181,"16":0.6654131413,"17":0.7270203829,"18":0.7397529483,"19":0.699445188,"20":0.6182643175,"21":0.6632370353,"22":0.6216751933,"23":0.6101059318,"24":0.6319103241,"25":0.6024093032,"26":0.5885873437,"27":0.5963128209,"28":0.6158041358,"29":0.6048241258,"30":0.606662035,"31":0.5974018574,"32":0.6209112406,"33":0.6365275979,"34":0.6411523223,"35":0.6471885443,"36":0.6434842348,"37":0.6347422004,"38":0.6835401058,"39":0.6143695116,"40":0.6264411807,"41":0.6403938532,"42":0.6479524374,"43":0.6524243355,"44":0.6694669127,"45":0.7150247097,"46":0.7445914149,"47":0.8095910549,"48":0.8544090986,"49":0.8278435469},"val_class_output_loss":{"0":0.7653940916,"1":0.7582891583,"2":0.7663470507,"3":0.7266021371,"4":0.7607555985,"5":0.8000561595,"6":0.7473863363,"7":0.7691885233,"8":0.73554492,"9":0.781855762,"10":0.770849824,"11":0.7306550145,"12":0.7103387713,"13":0.727502048,"14":0.6832497716,"15":0.6594482064,"16":0.6599757671,"17":0.7212820053,"18":0.7341479659,"19":0.6938821077,"20":0.6128891706,"21":0.6580101252,"22":0.6165015101,"23":0.6048540473,"24":0.6264185309,"25":0.5970495343,"26":0.583306551,"27":0.5910515189,"28":0.6106196046,"29":0.5997033119,"30":0.6015691161,"31":0.59220016,"32":0.6157976389,"33":0.6313864589,"34":0.636002183,"35":0.642051518,"36":0.6383430958,"37":0.629558444,"38":0.6783570647,"39":0.6092172265,"40":0.6213761568,"41":0.6353676319,"42":0.6428682804,"43":0.6473429799,"44":0.6643869281,"45":0.709875226,"46":0.7395711541,"47":0.8044390082,"48":0.8492279053,"49":0.8226053715},"val_color_output_loss":{"0":0.0550260246,"1":0.0549212955,"2":0.0556404702,"3":0.0534422025,"4":0.0534291603,"5":0.0530297868,"6":0.0528499857,"7":0.0541213267,"8":0.0546538271,"9":0.0544208251,"10":0.0540854372,"11":0.0550115444,"12":0.0543218255,"13":0.0540852249,"14":0.0535671227,"15":0.0541065447,"16":0.0543731563,"17":0.0573846512,"18":0.0560498573,"19":0.0556308404,"20":0.0537511595,"21":0.0522697605,"22":0.0517362542,"23":0.052519016,"24":0.0549181327,"25":0.0535969362,"26":0.052807048,"27":0.0526136942,"28":0.0518451855,"29":0.0512087829,"30":0.0509299748,"31":0.0520165637,"32":0.051135812,"33":0.0514114797,"34":0.0515009947,"35":0.0513700247,"36":0.0514106862,"37":0.0518381558,"38":0.0518304668,"39":0.0515237525,"40":0.050648991,"41":0.0502618439,"42":0.0508421212,"43":0.0508137085,"44":0.0507998317,"45":0.0514946207,"46":0.0502032377,"47":0.0515210517,"48":0.0518121906,"49":0.0523812398},"val_class_output_accuracy":{"0":0.8140000105,"1":0.8199999928,"2":0.8199999928,"3":0.8299999833,"4":0.824000001,"5":0.80400002,"6":0.8140000105,"7":0.8140000105,"8":0.8280000091,"9":0.8140000105,"10":0.8199999928,"11":0.8339999914,"12":0.8320000172,"13":0.8259999752,"14":0.84799999,"15":0.8360000253,"16":0.8320000172,"17":0.8199999928,"18":0.7979999781,"19":0.8080000281,"20":0.8259999752,"21":0.7979999781,"22":0.8259999752,"23":0.8220000267,"24":0.8180000186,"25":0.824000001,"26":0.8280000091,"27":0.8379999995,"28":0.8339999914,"29":0.8460000157,"30":0.8299999833,"31":0.8460000157,"32":0.8399999738,"33":0.8320000172,"34":0.8299999833,"35":0.8299999833,"36":0.8360000253,"37":0.8439999819,"38":0.8140000105,"39":0.8460000157,"40":0.8519999981,"41":0.8519999981,"42":0.8600000143,"43":0.8579999804,"44":0.8539999723,