{"loss":{"0":1.3477889299,"1":1.1335431337,"2":0.9908391237,"3":0.8861837983,"4":0.8142822385,"5":0.7631013393,"6":0.7022111416,"7":0.6820433736,"8":0.6393555403,"9":0.627733469,"10":0.5575418472,"11":0.5517303944,"12":0.490229547,"13":0.4792073369,"14":0.4537810683,"15":0.4256470501,"16":0.4206670821,"17":0.371098578,"18":0.3727637231,"19":0.3448727131,"20":0.3442015052,"21":0.3066736162,"22":0.2865101099,"23":0.27974388,"24":0.2660220861,"25":0.2434157729,"26":0.2277294397,"27":0.2035526335,"28":0.1980976611,"29":0.1797578186,"30":0.1861643493,"31":0.1677426994,"32":0.1570087075,"33":0.1541804522,"34":0.1377156079,"35":0.1439436525,"36":0.124586843,"37":0.1215988174,"38":0.1164458841,"39":0.1075106859,"40":0.1148812696,"41":0.1134629026,"42":0.1054580584,"43":0.1143018305,"44":0.0928951353,"45":0.0924405903,"46":0.1063066497,"47":0.0826444998,"48":0.0840576589,"49":0.0768190324},"class_output_loss":{"0":1.331590414,"1":1.1185228825,"2":0.9770287275,"3":0.8736708164,"4":0.8019466996,"5":0.7506800294,"6":0.6902473569,"7":0.6712014079,"8":0.6282842755,"9":0.616861105,"10":0.5470618606,"11":0.5411785841,"12":0.4804534614,"13":0.4688270092,"14":0.4436833262,"15":0.4162661433,"16":0.411175549,"17":0.3614272773,"18":0.3628053963,"19":0.3361720145,"20":0.3349637985,"21":0.2977847755,"22":0.2772815228,"23":0.2705499828,"24":0.257142663,"25":0.2346662581,"26":0.219293654,"27":0.1948402673,"28":0.189415887,"29":0.1712484956,"30":0.1780699342,"31":0.1594224721,"32":0.1487419903,"33":0.1461644471,"34":0.1298244894,"35":0.1363036335,"36":0.1169406772,"37":0.113635093,"38":0.1091156602,"39":0.1002407447,"40":0.1074480191,"41":0.1061759293,"42":0.0981734246,"43":0.1069406271,"44":0.0857719555,"45":0.085273236,"46":0.0992952362,"47":0.0757360533,"48":0.0771746784,"49":0.0701557472},"color_output_loss":{"0":0.1619855464,"1":0.1502034515,"2":0.1381042302,"3":0.1251290143,"4":0.12335594,"5":0.1242113411,"6":0.1196369007,"7":0.1084184498,"8":0.1107120514,"9":0.1087251157,"10":0.1048005,"11":0.1055181697,"12":0.0977610573,"13":0.1038039178,"14":0.100976944,"15":0.093809329,"16":0.09491539,"17":0.0967132375,"18":0.0995832533,"19":0.0870071501,"20":0.0923769623,"21":0.0888879374,"22":0.0922856703,"23":0.0919392332,"24":0.0887938216,"25":0.0874947906,"26":0.0843577534,"27":0.0871236697,"28":0.0868175998,"29":0.0850931853,"30":0.0809443891,"31":0.0832023025,"32":0.0826671198,"33":0.0801600218,"34":0.0789110437,"35":0.0764001831,"36":0.0764618367,"37":0.0796370953,"38":0.0733020678,"39":0.0726994947,"40":0.0743326396,"41":0.0728699416,"42":0.0728464723,"43":0.0736120194,"44":0.0712317526,"45":0.0716734901,"46":0.0701141879,"47":0.0690844581,"48":0.0688298047,"49":0.0666328743},"class_output_accuracy":{"0":0.3470000029,"1":0.4830000103,"2":0.5580000281,"3":0.6119999886,"4":0.648999989,"5":0.6909999847,"6":0.7099999785,"7":0.7450000048,"8":0.7730000019,"9":0.7779999971,"10":0.7960000038,"11":0.7990000248,"12":0.8280000091,"13":0.8560000062,"14":0.8679999709,"15":0.8759999871,"16":0.8679999709,"17":0.8790000081,"18":0.8880000114,"19":0.9120000005,"20":0.90200001,"21":0.9240000248,"22":0.9179999828,"23":0.9319999814,"24":0.9340000153,"25":0.9369999766,"26":0.9399999976,"27":0.9499999881,"28":0.9520000219,"29":0.9610000253,"30":0.9580000043,"31":0.9610000253,"32":0.9670000076,"33":0.9649999738,"34":0.9710000157,"35":0.9679999948,"36":0.9800000191,"37":0.9779999852,"38":0.97299999,"39":0.9779999852,"40":0.9750000238,"41":0.976000011,"42":0.9769999981,"43":0.9769999981,"44":0.9800000191,"45":0.9819999933,"46":0.9679999948,"47":0.9840000272,"48":0.9879999757,"49":0.9850000143},"color_output_mae":{"0":0.3262729943,"1":0.3115414977,"2":0.2997895777,"3":0.2819852531,"4":0.2810260355,"5":0.283444643,"6":0.2766658366,"7":0.2599470317,"8":0.2646957636,"9":0.2636474371,"10":0.2571874261,"11":0.2581962645,"12":0.2474460602,"13":0.2567746341,"14":0.252951622,"15":0.2404901385,"16":0.2412628531,"17":0.2450620979,"18":0.2501718402,"19":0.2339185625,"20":0.2400589883,"21":0.2366265804,"22":0.2401902825,"23":0.23736839,"24":0.2342776954,"25":0.2337603718,"26":0.229800418,"27":0.2324123681,"28":0.2318814695,"29":0.2292551249,"30":0.2227220684,"31":0.2262365222,"32":0.2272486985,"33":0.2231546938,"34":0.2205799669,"35":0.2150116414,"36":0.2158065736,"37":0.2219088525,"38":0.2113972008,"39":0.2109977007,"40":0.2143410444,"41":0.2084989846,"42":0.2091859728,"43":0.2119669765,"44":0.2091148794,"45":0.209582001,"46":0.2091107965,"47":0.205164209,"48":0.2055706084,"49":0.2011835128},"val_loss":{"0":1.1089646816,"1":1.1154879332,"2":1.123734355,"3":1.1262203455,"4":1.1165882349,"5":1.0867862701,"6":1.0340590477,"7":0.9758866429,"8":0.9065243602,"9":0.8578643203,"10":0.8180707693,"11":0.77092731,"12":0.7489477992,"13":0.7266044021,"14":0.7043893337,"15":0.6859246492,"16":0.6656241417,"17":0.6524430513,"18":0.650983572,"19":0.6412937641,"20":0.642319262,"21":0.6313458085,"22":0.6252997518,"23":0.6352686882,"24":0.6268080473,"25":0.6302766204,"26":0.6252055764,"27":0.6186888814,"28":0.6137279272,"29":0.6056429148,"30":0.6005691886,"31":0.5946542621,"32":0.5921108723,"33":0.5880878568,"34":0.59836483,"35":0.6038845778,"36":0.6091350317,"37":0.6047416329,"38":0.5995037556,"39":0.5995004177,"40":0.61001122,"41":0.6228737235,"42":0.6205152869,"43":0.6247404218,"44":0.629586637,"45":0.6374368072,"46":0.6341782212,"47":0.6372600198,"48":0.6410076618,"49":0.6378836632},"val_class_output_loss":{"0":1.1011254787,"1":1.1076881886,"2":1.1157441139,"3":1.1179382801,"4":1.108142972,"5":1.0780616999,"6":1.0254770517,"7":0.9675420523,"8":0.8983926177,"9":0.8498091102,"10":0.8101496696,"11":0.7629124522,"12":0.7409564853,"13":0.7185573578,"14":0.6961544752,"15":0.6776468754,"16":0.6574679017,"17":0.6443075538,"18":0.6430723071,"19":0.6335990429,"20":0.6347141862,"21":0.6237840056,"22":0.6177847981,"23":0.6276058555,"24":0.6191484332,"25":0.6225283146,"26":0.6174200773,"27":0.6110011339,"28":0.6061916947,"29":0.5982987285,"30":0.5932109952,"31":0.5873929858,"32":0.5848143697,"33":0.5808590651,"34":0.5909330845,"35":0.5965896845,"36":0.6019631624,"37":0.5975151658,"38":0.5924440622,"39":0.5924079418,"40":0.6028821468,"41":0.615722239,"42":0.6132917404,"43":0.617495954,"44":0.6223224401,"45":0.630413115,"46":0.627121985,"47":0.6302839518,"48":0.6340271831,"49":0.6308459044},"val_color_output_loss":{"0":0.0783913657,"1":0.0779964775,"2":0.0799006373,"3":0.0828201249,"4":0.0844534636,"5":0.0872451141,"6":0.0858206823,"7":0.0834472626,"8":0.0813171342,"9":0.0805536658,"10":0.0792109519,"11":0.0801497623,"12":0.0799138844,"13":0.0804694518,"14":0.0823489353,"15":0.0827792808,"16":0.0815639123,"17":0.0813537091,"18":0.0791124031,"19":0.0769458041,"20":0.0760500953,"21":0.0756178722,"22":0.075149186,"23":0.0766289383,"24":0.0765968487,"25":0.077483125,"26":0.0778548643,"27":0.0768784359,"28":0.075361535,"29":0.0734415799,"30":0.073581405,"31":0.0726117268,"32":0.0729656294,"33":0.0722872689,"34":0.0743175149,"35":0.0729500502,"36":0.071718812,"37":0.0722649321,"38":0.0705975443,"39":0.0709248558,"40":0.0712909922,"41":0.0715153068,"42":0.0722354949,"43":0.0724443644,"44":0.072641775,"45":0.0702372342,"46":0.0705622658,"47":0.0697603077,"48":0.0698056072,"49":0.0703773871},"val_class_output_accuracy":{"0":0.3580000103,"1":0.3400000036,"2":0.3300000131,"3":0.3359999955,"4":0.3580000103,"5":0.3860000074,"6":0.4420000017,"7":0.5019999743,"8":0.5759999752,"9":0.6179999709,"10":0.6320000291,"11":0.6499999762,"12":0.6600000262,"13":0.6779999733,"14":0.6999999881,"15":0.6999999881,"16":0.7179999948,"17":0.726000011,"18":0.7340000272,"19":0.7519999743,"20":0.7559999824,"21":0.7580000162,"22":0.7580000162,"23":0.7559999824,"24":0.7620000243,"25":0.773999989,"26":0.7680000067,"27":0.7879999876,"28":0.7820000052,"29":0.7699999809,"30":0.7860000134,"31":0.7960000038,"32":0.7820000052,"33":0.7799999714,"34":0.7760000229,"35":0.7900000215,"36":0.7879999876,"37":0.7940000296,"38":0.7979999781,"39":0.7979999781,"40":0.7940000296,