{"loss":{"0":1.278873086,"1":1.2186175585,"2":1.0761222839,"3":0.9984861612,"4":1.0010466576,"5":0.9239344001,"6":0.8213370442,"7":0.8610498905,"8":0.7970786691,"9":0.7461651564,"10":0.7070190907,"11":0.7346642017,"12":0.6893641353,"13":0.6628156304,"14":0.6510332823,"15":0.6522003412,"16":0.6151190996,"17":0.5958004594,"18":0.5872873664,"19":0.553037107,"20":0.5220829844,"21":0.5141863823,"22":0.5066002607,"23":0.4633514285,"24":0.4397579432,"25":0.441514045,"26":0.4216565788,"27":0.4206115603,"28":0.4065213799,"29":0.3859658539,"30":0.3830230236,"31":0.3626002371,"32":0.3492278755,"33":0.319529891,"34":0.2970254123,"35":0.3020543158,"36":0.3026975691,"37":0.3049818277,"38":0.3034132123,"39":0.2868220508,"40":0.2570410073,"41":0.2677826583,"42":0.253256619,"43":0.2619246542,"44":0.2808136046,"45":0.2299870104,"46":0.2200161517,"47":0.2063368261,"48":0.2081331909,"49":0.2096422464},"class_output_loss":{"0":1.2637147903,"1":1.2042860985,"2":1.0619668961,"3":0.9842244983,"4":0.9878943563,"5":0.9110987782,"6":0.8089305162,"7":0.8487622738,"8":0.7849096656,"9":0.7345004082,"10":0.6958015561,"11":0.723508954,"12":0.678170085,"13":0.6514467597,"14":0.640648663,"15":0.6416812539,"16":0.6049975753,"17":0.5855526924,"18":0.5774124265,"19":0.5434502363,"20":0.5124014616,"21":0.5048217177,"22":0.497177273,"23":0.4542802572,"24":0.4310600758,"25":0.4323644936,"26":0.4133334756,"27":0.4123437107,"28":0.3985357583,"29":0.3776601255,"30":0.3746182323,"31":0.3543527126,"32":0.3406662345,"33":0.3113895655,"34":0.2890894413,"35":0.2937619984,"36":0.2951308787,"37":0.2967324853,"38":0.2957707942,"39":0.2791773379,"40":0.2493399382,"41":0.2597410679,"42":0.2450995147,"43":0.2536919117,"44":0.2727326751,"45":0.2223092467,"46":0.2125668675,"47":0.1990838796,"48":0.2006482184,"49":0.2020696104},"color_output_loss":{"0":0.1515803188,"1":0.1433161348,"2":0.1415537149,"3":0.1426174641,"4":0.1315230429,"5":0.1283565611,"6":0.1240644827,"7":0.1228774413,"8":0.121689409,"9":0.116648145,"10":0.1121768653,"11":0.1115515977,"12":0.1119402945,"13":0.1136878654,"14":0.103844136,"15":0.105189696,"16":0.1012148783,"17":0.1024777368,"18":0.0987511873,"19":0.0958684087,"20":0.0968159959,"21":0.0936464444,"22":0.0942296535,"23":0.0907112285,"24":0.0869780257,"25":0.0914949626,"26":0.0832324103,"27":0.08267878,"28":0.0798568651,"29":0.0830580294,"30":0.0840482712,"31":0.0824746862,"32":0.0856160671,"33":0.081403397,"34":0.0793592036,"35":0.0829232633,"36":0.0756674185,"37":0.082494095,"38":0.0764240772,"39":0.0764474124,"40":0.0770107433,"41":0.0804157034,"42":0.0815709829,"43":0.08232712,"44":0.0808097795,"45":0.0767771825,"46":0.0744932219,"47":0.0725296587,"48":0.0748495236,"49":0.0757263824},"class_output_accuracy":{"0":0.3950000107,"1":0.4110000134,"2":0.5289999843,"3":0.5360000134,"4":0.5640000105,"5":0.6179999709,"6":0.6359999776,"7":0.6200000048,"8":0.6940000057,"9":0.7089999914,"10":0.7099999785,"11":0.6909999847,"12":0.7129999995,"13":0.7310000062,"14":0.7440000176,"15":0.7429999709,"16":0.7860000134,"17":0.7689999938,"18":0.7940000296,"19":0.7929999828,"20":0.8069999814,"21":0.8059999943,"22":0.8119999766,"23":0.8220000267,"24":0.8460000157,"25":0.8370000124,"26":0.8550000191,"27":0.8579999804,"28":0.8600000143,"29":0.84799999,"30":0.8700000048,"31":0.851000011,"32":0.8679999709,"33":0.8830000162,"34":0.8980000019,"35":0.90200001,"36":0.8930000067,"37":0.898999989,"38":0.8769999743,"39":0.8999999762,"40":0.9060000181,"41":0.9190000296,"42":0.9179999828,"43":0.9120000005,"44":0.8980000019,"45":0.9240000248,"46":0.9359999895,"47":0.9350000024,"48":0.9350000024,"49":0.9359999895},"color_output_mae":{"0":0.3161947131,"1":0.3059365153,"2":0.3043647408,"3":0.3082167804,"4":0.2939731181,"5":0.2892622948,"6":0.2829701304,"7":0.283336997,"8":0.2809484303,"9":0.2729713619,"10":0.2682571709,"11":0.2666808367,"12":0.2660290003,"13":0.2716409564,"14":0.2563880086,"15":0.2565951049,"16":0.254473716,"17":0.2560455501,"18":0.2500888407,"19":0.2475138307,"20":0.2461160421,"21":0.2425383031,"22":0.2425879091,"23":0.2382774949,"24":0.2321899533,"25":0.2399493754,"26":0.2273506224,"27":0.226892516,"28":0.2226431221,"29":0.2301473022,"30":0.2306486368,"31":0.2289703637,"32":0.232481584,"33":0.2259367704,"34":0.2218596339,"35":0.2270786166,"36":0.2172311544,"37":0.2277142406,"38":0.2197711021,"39":0.2170103341,"40":0.2199508697,"41":0.2240955681,"42":0.2262933999,"43":0.2278062403,"44":0.2267296314,"45":0.2183902115,"46":0.2159981132,"47":0.2098843157,"48":0.2160946429,"49":0.2167000026},"val_loss":{"0":1.1086347103,"1":1.1061657667,"2":1.1194103956,"3":1.1121643782,"4":1.1595029831,"5":1.2005829811,"6":1.1574749947,"7":1.2147555351,"8":1.2223299742,"9":1.4004925489,"10":1.5217878819,"11":1.4631153345,"12":1.5346422195,"13":1.3349071741,"14":1.2443733215,"15":1.2000274658,"16":1.1519153118,"17":1.2668800354,"18":1.3726540804,"19":1.3427444696,"20":1.2632528543,"21":1.3353459835,"22":1.3612635136,"23":1.3442165852,"24":1.3124870062,"25":1.4240669012,"26":1.3601956367,"27":1.511184454,"28":1.4882910252,"29":1.4406206608,"30":1.3804914951,"31":1.4208487272,"32":1.3147567511,"33":1.2543873787,"34":1.2845044136,"35":1.3013504744,"36":1.1926691532,"37":1.0862832069,"38":1.2112573385,"39":1.1520541906,"40":1.0408117771,"41":0.978315115,"42":0.9910686016,"43":0.9794278741,"44":0.9539136887,"45":0.9358242154,"46":0.9339825511,"47":0.9177266955,"48":0.8983609676,"49":0.9092630744},"val_class_output_loss":{"0":1.1008359194,"1":1.0983418226,"2":1.1112332344,"3":1.1035887003,"4":1.1508513689,"5":1.1904330254,"6":1.1474307775,"7":1.204467535,"8":1.2118710279,"9":1.3893040419,"10":1.5091973543,"11":1.4501552582,"12":1.5236856937,"13":1.3244200945,"14":1.233522296,"15":1.1894209385,"16":1.1415073872,"17":1.2576214075,"18":1.3633559942,"19":1.3328505754,"20":1.2534755468,"21":1.3262583017,"22":1.3515700102,"23":1.3348232508,"24":1.3034331799,"25":1.4149924517,"26":1.3515613079,"27":1.5020501614,"28":1.4783427715,"29":1.4303252697,"30":1.3693152666,"31":1.4101440907,"32":1.3043580055,"33":1.2440950871,"34":1.2745902538,"35":1.2919521332,"36":1.1836482286,"37":1.0773895979,"38":1.2021962404,"39":1.1433341503,"40":1.0326657295,"41":0.9701450467,"42":0.9830262065,"43":0.9714228511,"44":0.9461308718,"45":0.9282044768,"46":0.9265642762,"47":0.9104079008,"48":0.8909298778,"49":0.9017807245},"val_color_output_loss":{"0":0.077989608,"1":0.0782391131,"2":0.0817721412,"3":0.0857569873,"4":0.0865140557,"5":0.1014980078,"6":0.1004426032,"7":0.1028805375,"8":0.1045901775,"9":0.1118845493,"10":0.1259055436,"11":0.1295986027,"12":0.1095668226,"13":0.1048732027,"14":0.1085099652,"15":0.1060630158,"16":0.1040799394,"17":0.0925852656,"18":0.0929821581,"19":0.0989399776,"20":0.0977709889,"21":0.0908750743,"22":0.0969372913,"23":0.0939333886,"24":0.0905373469,"25":0.0907445624,"26":0.0863419995,"27":0.0913432762,"28":0.0994805396,"29":0.1029545516,"30":0.1117605716,"31":0.1070494503,"32":0.1039852127,"33":0.1029205248,"34":0.0991411656,"35":0.0939841717,"36":0.0902111456,"37":0.0889349133,"38":0.0906107575,"39":0.0872009546,"40":0.0814603642,"41":0.0817017779,"42":0.080424495,"43":0.0800502822,"44":0.0778277367,"45":0.0761967674,"46":0.0741823614,"47":0.073189199,"48":0.0743120089,"49":0.0748232454},"val_class_output_accuracy":{"0":0.3179999888,"1":0.3160000145,"2":0.2840000093,"3":0.3000000119,"4":0.2879999876,"5":0.3000000119,"6":0.3079999983,"7":0.3199999928,"8":0.3120000064,"9":0.3079999983,"10":0.3100000024,"11":0.3219999969,"12":0.3519999981,"13":0.3280000091,"14":0.324000001,"15":0.3319999874,"16":0.3659999967,"17":0.3619999886,"18":0.34799999,"19":0.3600000143,"20":0.3759999871,"21":0.3700000048,"22":0.3840000033,"23":0.40200001,"24":0.40200001,"25":0.3680000007,"26":0.423999995,"27":0.4160000086,"28":0.4359999895,"29":0.3899999857,"30":0.3680000007,"31":0.4059999883,"32":0.3840000033,"33":0.3600000143,"34":0.3639999926,"35":0.40200001,"36":0.3700000048,"37":0.3680000007,"38":0.400000006,"39":0.4860000014,"40":0.4580000043,