{"loss":{"0":1.2793599367,"1":0.9671911597,"2":0.8551021814,"3":0.683360815,"4":0.6031577587,"5":0.5443866849,"6":0.4907292426,"7":0.4331530631,"8":0.3706307113,"9":0.3372921646,"10":0.3117162883,"11":0.3128731549,"12":0.2833572924,"13":0.2552640438,"14":0.2260376811,"15":0.184992969,"16":0.1961406767,"17":0.1721722633,"18":0.1784954965,"19":0.134917587,"20":0.1315249801,"21":0.1069676057,"22":0.0998527408,"23":0.0959096178,"24":0.0979249552,"25":0.0947742984,"26":0.0916470438,"27":0.0809980184,"28":0.0724554285,"29":0.0783519298,"30":0.0653299168,"31":0.054561656,"32":0.0527661815,"33":0.0512768999,"34":0.0633458272,"35":0.0561920404,"36":0.0479612313,"37":0.0607306287,"38":0.1024724841,"39":0.1216528192,"40":0.1140208319,"41":0.0841913521,"42":0.0625736713,"43":0.0711942837,"44":0.0555668473,"45":0.0510484949,"46":0.0653902516,"47":0.0984659418,"48":0.0664466545,"49":0.074420996},"class_output_loss":{"0":1.2634340525,"1":0.9527445436,"2":0.8415967822,"3":0.6713033915,"4":0.5918138623,"5":0.533462584,"6":0.4801825881,"7":0.4230428338,"8":0.3612556756,"9":0.3286478817,"10":0.3029212058,"11":0.3040877283,"12":0.2743278444,"13":0.2465267628,"14":0.2170711607,"15":0.1766861081,"16":0.1877254993,"17":0.1639404446,"18":0.1698929071,"19":0.1269858927,"20":0.1235953197,"21":0.099139303,"22":0.0924529955,"23":0.0883846357,"24":0.0904509574,"25":0.0873444304,"26":0.0843264237,"27":0.0739773288,"28":0.0653861761,"29":0.0718918219,"30":0.0585126355,"31":0.0481051989,"32":0.0466921218,"33":0.044690799,"34":0.0570047423,"35":0.0498598516,"36":0.0417481102,"37":0.0543377064,"38":0.0959169641,"39":0.1153224781,"40":0.1071801931,"41":0.0775157288,"42":0.05576903,"43":0.0649208352,"44":0.0494466163,"45":0.0449953601,"46":0.0591674969,"47":0.0923533738,"48":0.0606548376,"49":0.0687100813},"color_output_loss":{"0":0.1592578292,"1":0.1444651634,"2":0.1350556165,"3":0.1205752417,"4":0.1134394556,"5":0.1092398241,"6":0.1054674312,"7":0.1011026055,"8":0.0937502235,"9":0.0864431262,"10":0.0879508853,"11":0.0878540203,"12":0.0902941301,"13":0.0873729736,"14":0.0896648541,"15":0.0830690339,"16":0.0841518342,"17":0.0823181719,"18":0.0860257968,"19":0.0793168396,"20":0.0792963952,"21":0.0782830417,"22":0.0739975348,"23":0.0752499402,"24":0.0747401416,"25":0.0742986724,"26":0.0732062906,"27":0.0702069774,"28":0.070692353,"29":0.0646012202,"30":0.0681728721,"31":0.0645646155,"32":0.0607405268,"33":0.065861024,"34":0.0634108782,"35":0.0633218363,"36":0.0621311739,"37":0.0639292896,"38":0.0655550361,"39":0.0633032396,"40":0.0684065446,"41":0.0667563155,"42":0.0680465028,"43":0.062734291,"44":0.0612023696,"45":0.0605312809,"46":0.0622275583,"47":0.0611257479,"48":0.0579182133,"49":0.0571093485},"class_output_accuracy":{"0":0.4009999931,"1":0.5640000105,"2":0.6470000148,"3":0.7340000272,"4":0.77700001,"5":0.8159999847,"6":0.8360000253,"7":0.8550000191,"8":0.8939999938,"9":0.9120000005,"10":0.9250000119,"11":0.9060000181,"12":0.9169999957,"13":0.9240000248,"14":0.94599998,"15":0.9599999785,"16":0.9509999752,"17":0.9610000253,"18":0.949000001,"19":0.9649999738,"20":0.9739999771,"21":0.9800000191,"22":0.9800000191,"23":0.97299999,"24":0.9800000191,"25":0.9779999852,"26":0.9769999981,"27":0.9829999804,"28":0.9850000143,"29":0.9819999933,"30":0.9919999838,"31":0.9900000095,"32":0.9909999967,"33":0.9919999838,"34":0.9869999886,"35":0.9900000095,"36":0.9900000095,"37":0.9879999757,"38":0.9720000029,"39":0.97299999,"40":0.9670000076,"41":0.9739999771,"42":0.9909999967,"43":0.9869999886,"44":0.9879999757,"45":0.9900000095,"46":0.9860000014,"47":0.9800000191,"48":0.9869999886,"49":0.9829999804},"color_output_mae":{"0":0.3260127902,"1":0.3076336086,"2":0.2980862558,"3":0.2773434222,"4":0.2695143223,"5":0.2640993893,"6":0.2567922175,"7":0.2519117594,"8":0.2407864928,"9":0.232436657,"10":0.2331297696,"11":0.234103173,"12":0.2376344651,"13":0.2321859598,"14":0.2358551323,"15":0.2270692587,"16":0.2275485247,"17":0.226554051,"18":0.2293763161,"19":0.2203480899,"20":0.2192265987,"21":0.2182907015,"22":0.2114600986,"23":0.2128825486,"24":0.2135902792,"25":0.2118660361,"26":0.212457031,"27":0.2088872194,"28":0.2082132846,"29":0.1973134726,"30":0.2039618641,"31":0.1965161413,"32":0.1912320107,"33":0.1994093955,"34":0.1970876306,"35":0.1954773366,"36":0.193599686,"37":0.1976239681,"38":0.2003108412,"39":0.1962103546,"40":0.2035639584,"41":0.202359885,"42":0.2040259093,"43":0.1972351372,"44":0.1939365417,"45":0.1898377538,"46":0.1937681884,"47":0.1933141649,"48":0.1888317913,"49":0.1870523244},"val_loss":{"0":1.7758368254,"1":2.8778612614,"2":3.5215826035,"3":5.6728844643,"4":5.6324396133,"5":6.3296046257,"6":5.6853756905,"7":5.9283928871,"8":2.7446391582,"9":1.1308624744,"10":1.1460232735,"11":2.4364078045,"12":2.5144467354,"13":2.7999899387,"14":3.6427752972,"15":2.9387316704,"16":2.8536779881,"17":3.3517243862,"18":2.0494067669,"19":1.8412928581,"20":2.2632884979,"21":2.1758937836,"22":2.3190727234,"23":2.6515750885,"24":2.2372224331,"25":1.8372529745,"26":1.6669979095,"27":1.4641051292,"28":1.3013539314,"29":1.1484698057,"30":0.9486123323,"31":0.7991989851,"32":0.7335464954,"33":0.704537034,"34":0.6714716554,"35":0.6988412142,"36":0.681340158,"37":0.6863854527,"38":0.7040168047,"39":0.6890108585,"40":0.7390773296,"41":0.6929472089,"42":0.6620855331,"43":0.6607493162,"44":0.667116642,"45":0.6234220266,"46":0.6936558485,"47":0.760800302,"48":0.7026482224,"49":0.6662859917},"val_class_output_loss":{"0":1.7641764879,"1":2.8621029854,"2":3.4886519909,"3":5.6392440796,"4":5.598505497,"5":6.2956395149,"6":5.6514191628,"7":5.8944263458,"8":2.7106730938,"9":1.09689641,"10":1.1120582819,"11":2.4024651051,"12":2.480494976,"13":2.7660446167,"14":3.6089327335,"15":2.906370163,"16":2.8228754997,"17":3.3222761154,"18":2.0240728855,"19":1.8223427534,"20":2.2504417896,"21":2.16593647,"22":2.3098180294,"23":2.6432328224,"24":2.2296779156,"25":1.8303501606,"26":1.660379529,"27":1.4576404095,"28":1.2950075865,"29":1.142386198,"30":0.9425552487,"31":0.7933287621,"32":0.7275853157,"33":0.6985351443,"34":0.6654490232,"35":0.6928536296,"36":0.6754485369,"37":0.6804124713,"38":0.6981877089,"39":0.6826640368,"40":0.7329836488,"41":0.6872748733,"42":0.6566850543,"43":0.6555777788,"44":0.6618774533,"45":0.618100822,"46":0.6882845163,"47":0.7554769516,"48":0.6973518133,"49":0.6610532403},"val_color_output_loss":{"0":0.1166031435,"1":0.1575873494,"2":0.3293046951,"3":0.3364073932,"4":0.3393401802,"5":0.3396508992,"6":0.3395599723,"7":0.3396613002,"8":0.3396608233,"9":0.3396588266,"10":0.3396512866,"11":0.3394224942,"12":0.3395169675,"13":0.3394500613,"14":0.3384260237,"15":0.3236154318,"16":0.3080241084,"17":0.2944832742,"18":0.2533388436,"19":0.1895019561,"20":0.1284671724,"21":0.0995723531,"22":0.0925502107,"23":0.0834242478,"24":0.075443469,"25":0.0690256357,"26":0.0661872774,"27":0.0646478087,"28":0.0634592697,"29":0.0608357936,"30":0.0605704039,"31":0.0587022491,"32":0.0596110635,"33":0.060018532,"34":0.0602258742,"35":0.0598763451,"36":0.0589165874,"37":0.0597307794,"38":0.058290787,"39":0.0634672791,"40":0.0609371886,"41":0.056723509,"42":0.0540044792,"43":0.0517165251,"44":0.0523910858,"45":0.0532126501,"46":0.0537124798,"47":0.053235177,"48":0.052963566,"49":0.0523279905},"val_class_output_accuracy":{"0":0.3059999943,"1":0.3059999943,"2":0.3059999943,"3":0.3059999943,"4":0.3059999943,"5":0.3059999943,"6":0.3059999943,"7":0.3059999943,"8":0.3120000064,"9":0.3059999943,"10":0.3039999902,"11":0.3140000105,"12":0.3420000076,"13":0.3379999995,"14":0.3339999914,"15":0.2860000134,"16":0.2980000079,"17":0.2980000079,"18":0.3160000145,"19":0.3280000091,"20":0.3319999874,"21":0.3219999969,"22":0.3280000091,"23":0.3359999955,"24":0.3680000007,"25":0.4379999936,"26":0.4959999919,"27":0.5659999847,"28":0.6119999886,"29":0.6380000114,"30":0.6940000057,"31":0.7599999905,"32":0.7779999971,"33":0.7879999876,"34":0.8019999862,"35":0.7779999971,"36":0.7839999795,"37":0.7779999971,"38":0.7799999714,"39":0.7779999971,"40":0.7599999905,